{
    "map": {
        "42": {
            "x": 721,
            "y": 1
        },
        "43": {
            "x": 793,
            "y": 1
        },
        "45": {
            "x": 865,
            "y": 1
        },
        "48": {
            "x": 1,
            "y": 1
        },
        "49": {
            "x": 73,
            "y": 1
        },
        "50": {
            "x": 145,
            "y": 1
        },
        "51": {
            "x": 217,
            "y": 1
        },
        "52": {
            "x": 289,
            "y": 1
        },
        "53": {
            "x": 361,
            "y": 1
        },
        "54": {
            "x": 433,
            "y": 1
        },
        "55": {
            "x": 505,
            "y": 1
        },
        "56": {
            "x": 577,
            "y": 1
        },
        "57": {
            "x": 649,
            "y": 1
        }
    },
    "missingGlyph": {
        "x": 112,
        "y": 32,
        "width": 28,
        "height": 32
    },
    "height": 32
}