{
  "width": 640,
  "height": 360,
  "fps": 30,
  "main": "./script/aez_bundle_main.js",
  "assets": {
    "img_numbers_n": {
      "type": "image",
      "width": 364,
      "height": 64,
      "path": "files/3dcf3291221e5531e18c.png",
      "virtualPath": "image/img_numbers_n.png"
    },
    "img_numbers_n_red": {
      "type": "image",
      "width": 364,
      "height": 32,
      "path": "files/0cbe6151ef7466d9d419.png",
      "virtualPath": "image/img_numbers_n_red.png"
    },
    "test": {
      "type": "text",
      "path": "files/13f8483e8e0aa4660e8e.json",
      "virtualPath": "text/test.json"
    },
    "bgm": {
      "type": "audio",
      "path": "files/6e6ed82de3ca7cdfa409",
      "systemId": "music",
      "duration": 34667,
      "virtualPath": "audio/bgm"
    },
    "clear": {
      "type": "audio",
      "path": "files/fcc9e18699b697f7565f",
      "systemId": "sound",
      "duration": 732,
      "virtualPath": "audio/clear"
    },
    "move": {
      "type": "audio",
      "path": "files/d0f813c22ca330639599",
      "systemId": "sound",
      "duration": 105,
      "virtualPath": "audio/move"
    },
    "se_start": {
      "type": "audio",
      "path": "files/9a33ab5f9c9b2521552d",
      "systemId": "sound",
      "duration": 1701,
      "virtualPath": "audio/se_start"
    },
    "se_timeup": {
      "type": "audio",
      "path": "files/3cd7bec6fc575a6d73a7",
      "systemId": "sound",
      "duration": 1080,
      "virtualPath": "audio/se_timeup"
    },
    "time": {
      "type": "image",
      "width": 38,
      "height": 38,
      "path": "files/834f6f7b833bbd30f0bc.png",
      "virtualPath": "image/time.png"
    },
    "panel": {
      "type": "image",
      "width": 140,
      "height": 280,
      "path": "files/d0fcedb1ade31a01133a.png",
      "virtualPath": "image/panel.png"
    },
    "finish": {
      "type": "image",
      "width": 360,
      "height": 150,
      "path": "files/2ff0304073c2deea7fdc.png",
      "virtualPath": "image/finish.png"
    },
    "start": {
      "type": "image",
      "width": 500,
      "height": 150,
      "path": "files/fad71188a75b7f48f032.png",
      "virtualPath": "image/start.png"
    },
    "title": {
      "type": "image",
      "width": 500,
      "height": 360,
      "path": "files/6a2fc763d1ca590c49f9.png",
      "virtualPath": "image/title.png"
    },
    "waku": {
      "type": "image",
      "width": 360,
      "height": 360,
      "path": "files/f5ab906c90aa0c8d5dc4.png",
      "virtualPath": "image/waku.png"
    },
    "score": {
      "type": "image",
      "width": 70,
      "height": 32,
      "path": "files/d62e2baecca743ff7361.png",
      "virtualPath": "image/score.png"
    },
    "combo": {
      "type": "image",
      "width": 135,
      "height": 100,
      "path": "files/ac6688cd93b50da0a217.png",
      "virtualPath": "image/combo.png"
    },
    "glyph28": {
      "type": "text",
      "path": "files/1f8987b04c636ad42575.json",
      "virtualPath": "text/glyph28.json"
    },
    "glyph32_yellow": {
      "type": "text",
      "path": "files/39603f1b2f1746325b96.json",
      "virtualPath": "text/glyph32_yellow.json"
    },
    "glyph72": {
      "type": "text",
      "path": "files/b3f1905bacd20ca03885.json",
      "virtualPath": "text/glyph72.json"
    },
    "number_b": {
      "type": "image",
      "width": 936,
      "height": 84,
      "path": "files/4abd2422b3d707db03c5.png",
      "virtualPath": "image/number_b.png"
    },
    "number_p": {
      "type": "image",
      "width": 936,
      "height": 84,
      "path": "files/91ec5d16fbb7afb32288.png",
      "virtualPath": "image/number_p.png"
    },
    "config": {
      "type": "image",
      "width": 40,
      "height": 40,
      "path": "files/b681666f5fdad6ee2c15.png",
      "virtualPath": "image/config.png"
    },
    "volume": {
      "type": "image",
      "width": 64,
      "height": 32,
      "path": "files/c3535e86e9f2a5fb8e9b.png",
      "virtualPath": "image/volume.png"
    },
    "aez_bundle_main": {
      "type": "script",
      "global": true,
      "path": "files/f086925699839f7a9594.js",
      "virtualPath": "script/aez_bundle_main.js"
    }
  },
  "environment": {
    "sandbox-runtime": "2",
    "niconico": {
      "supportedModes": [
        "single",
        "ranking"
      ]
    },
    "external": {
      "send": "0"
    },
    "akashic-runtime": {
      "version": "~2.1.22",
      "flavor": "-canvas"
    }
  },
  "globalScripts": [],
  "moduleMainScripts": {
    "@akashic-extension/akashic-timeline": "node_modules/@akashic-extension/akashic-timeline/lib/index.js"
  },
  "exportZipInfo": {
    "version": "0.3.25",
    "option": {
      "force": true,
      "strip": true,
      "minify": false,
      "bundle": true,
      "babel": true,
      "omitEmptyJs": true
    }
  }
}